 [
    {
        "slotConstraint": "Required",
        "priority": 1,
        "name": "case"
    },
    {
        "slotConstraint": "Required",
        "priority": 2,
        "name": "case_subject"
    },
    {
        "slotConstraint": "Required",
        "priority": 3,
        "name": "case_description"
    },
    {
        "slotConstraint": "Required",
        "priority": 4,
        "name": "case_type"
    },
    {
        "slotConstraint": "Required",
        "priority": 5,
        "name": "case_priority"
    },
    {
        "slotConstraint": "Required",
        "priority": 6,
        "name": "confirm"
    }
]