{
  "metadata": {
    "schemaVersion": "1.0",
    "importType": "LEX",
    "importFormat": "JSON"
  },
  "resource": {
    "name": "Amz_Case",
    "version": "1",
    "enumerationValues": [
      {
        "value": "Ticket",
        "synonyms": []
      },
      {
        "value": "cases",
        "synonyms": []
      },
      {
        "value": "Issue",
        "synonyms": []
      },
      {
        "value": "Issues",
        "synonyms": []
      },
      {
        "value": "Tickets",
        "synonyms": []
      },
      {
        "value": "case",
        "synonyms": []
      }
    ],
    "valueSelectionStrategy": "ORIGINAL_VALUE"
  }
}