{
    "messageVersion": "1.0",
    "invocationSource": "DialogCodeHook",
    "userId": "ed67ff70-ebb6-4c72-aa66-01d00d1b353e",
    "sessionAttributes": {
        "chatDescription": "",
        "patient_contact": "5106012345",
        "context": "{\"previousIntentName\":\"BookAppointment\",\"previousSlots\":{\"ss\":\"NA\",\"patient_email_address\":null,\"appointment\":\"Appointment\",\"patient_first_name\":null,\"dr\":null,\"branch_city\":null,\"datetime\":\"2019-04-15\",\"symptom\":null,\"patient_contact\":\"5106012345\",\"doctor_speciality\":\"Dermatologist\",\"final_time\":\"10:00\",\"location\":\"NA\",\"mode_of_payment\":null,\"doctor_name\":\"John Stone\",\"hospital_name\":null},\"previousSlotToElicit\":\"mode_of_payment\",\"previousDialogState\":\"elicitSlot\",\"primaryContext\":null}",
        "filledSlots": "[\"ss\",\"appointment\",\"datetime\",\"patient_contact\",\"doctor_speciality\",\"final_time\",\"location\",\"doctor_name\"]",
        "employeeId": "123",
        "latestUserQuery": "Me:5106012345",
        "someKey": "STRING_VALUE"
    },
    "requestAttributes": null,
    "bot": {
        "name": "Amazon_MVP_DoctorAppointment",
        "alias": "Production",
        "version": "53"
    },
    "outputDialogMode": "Text",
    "currentIntent": {
        "name": "BookAppointment",
        "slots": {
            "ss": "NA",
            "patient_email_address": null,
            "appointment": "Appointment",
            "patient_first_name": null,
            "dr": null,
            "branch_city": null,
            "datetime": "2019-04-15",
            "symptom": null,
            "patient_contact": "5106012345",
            "doctor_speciality": "Dermatologist",
            "final_time": "10:00",
            "location": "NA",
            "mode_of_payment": "Insurance",
            "doctor_name": "John Stone",
            "hospital_name": null
        },
        "slotDetails": {
            "ss": null,
            "patient_email_address": {
                "resolutions": [],
                "originalValue": null
            },
            "appointment": {
                "resolutions": [
                    {
                        "value": "appointment"
                    },
                    {
                        "value": "Appointment"
                    },
                    {
                        "value": "Doctor Appointment"
                    }
                ],
                "originalValue": "Appointment"
            },
            "patient_first_name": {
                "resolutions": [],
                "originalValue": null
            },
            "dr": {
                "resolutions": [],
                "originalValue": null
            },
            "branch_city": {
                "resolutions": [],
                "originalValue": null
            },
            "datetime": null,
            "symptom": {
                "resolutions": [],
                "originalValue": null
            },
            "patient_contact": {
                "resolutions": [],
                "originalValue": "5106012345"
            },
            "doctor_speciality": {
                "resolutions": [
                    {
                        "value": "Dermatologist"
                    }
                ],
                "originalValue": "Dermatologist"
            },
            "final_time": {
                "resolutions": [],
                "originalValue": "10:00 AM"
            },
            "location": null,
            "mode_of_payment": {
                "resolutions": [
                    {
                        "value": "Insurance"
                    }
                ],
                "originalValue": "Insurance"
            },
            "doctor_name": {
                "resolutions": [],
                "originalValue": "John Stone"
            },
            "hospital_name": {
                "resolutions": [],
                "originalValue": null
            }
        },
        "confirmationStatus": "None",
        "sourceLexNLUIntentInterpretation": null
    },
    "inputTranscript": "Insurance"
}
