{
  "metadata": {
    "schemaVersion": "1.0",
    "importType": "LEX",
    "importFormat": "JSON"
  },
  "resource": {
    "name": "case_type",
    "version": "1",
    "enumerationValues": [
      {
        "value": "Task",
        "synonyms": []
      },
      {
        "value": "Question",
        "synonyms": []
      },
      {
        "value": "Problem",
        "synonyms": []
      },
      {
        "value": "Incident",
        "synonyms": []
      }
    ],
    "valueSelectionStrategy": "ORIGINAL_VALUE"
  }
}