{
  "metadata": {
    "schemaVersion": "1.0",
    "importType": "LEX",
    "importFormat": "JSON"
  },
  "resource": {
    "name": "case_priority",
    "version": "1",
    "enumerationValues": [
      {
        "value": "high",
        "synonyms": []
      },
      {
        "value": "critical",
        "synonyms": []
      },
      {
        "value": "low",
        "synonyms": []
      },
      {
        "value": "medium",
        "synonyms": []
      }
    ],
    "valueSelectionStrategy": "ORIGINAL_VALUE"
  }
}